"DESCRIPTION","DURATION IN MS","NAME","PARENT SUITE","START TIME","STATUS","STOP TIME","SUB SUITE","SUITE","TEST CLASS","TEST METHOD"
"","6","DeleteContact_ShouldThrowException_WhenContactDoesNotExist","UnitTests","Sun Nov 30 20:37:15 UTC 2025","passed","Sun Nov 30 20:37:15 UTC 2025","ContactRepositoryInMemoryTests","UnitTests.Repositories","UnitTests.Repositories.ContactRepositoryInMemoryTests","DeleteContact_ShouldThrowException_WhenContactDoesNotExist"
"","20","CreateContact_ShouldCreateSuccessfully","UnitTests","Sun Nov 30 20:37:14 UTC 2025","passed","Sun Nov 30 20:37:14 UTC 2025","ContactRepositoryInMemoryTests","UnitTests.Repositories","UnitTests.Repositories.ContactRepositoryInMemoryTests","CreateContact_ShouldCreateSuccessfully"
"","16","GetPersonIdByContact_ShouldThrowException_WhenContactNotFound","UnitTests","Sun Nov 30 20:37:14 UTC 2025","passed","Sun Nov 30 20:37:14 UTC 2025","ContactRepositoryInMemoryTests","UnitTests.Repositories","UnitTests.Repositories.ContactRepositoryInMemoryTests","GetPersonIdByContact_ShouldThrowException_WhenContactNotFound"
"","5","DeleteContact_ShouldDeleteSuccessfully","UnitTests","Sun Nov 30 20:37:15 UTC 2025","passed","Sun Nov 30 20:37:15 UTC 2025","ContactRepositoryInMemoryTests","UnitTests.Repositories","UnitTests.Repositories.ContactRepositoryInMemoryTests","DeleteContact_ShouldDeleteSuccessfully"
"","47","DeleteCharacteristic_ShouldDeleteSuccessfully","IntegrationTests","Sun Nov 30 20:37:50 UTC 2025","passed","Sun Nov 30 20:37:50 UTC 2025","CharacteristicRepositoryPostgresTests","IntegrationTests.Repositories","IntegrationTests.Repositories.CharacteristicRepositoryPostgresTests","DeleteCharacteristic_ShouldDeleteSuccessfully"
"","6","GetPerson_ShouldReturnPerson_WhenExists","IntegrationTests","Sun Nov 30 20:37:56 UTC 2025","passed","Sun Nov 30 20:37:56 UTC 2025","PersonRepositoryPostgresTests","IntegrationTests.Repositories","IntegrationTests.Repositories.PersonRepositoryPostgresTests","GetPerson_ShouldReturnPerson_WhenExists"
"","42","SetRelationship_ShouldUpdateExistingRelationship","IntegrationTests","Sun Nov 30 20:37:54 UTC 2025","passed","Sun Nov 30 20:37:54 UTC 2025","RelationshipRepositoryPostgresTests","IntegrationTests.Repositories","IntegrationTests.Repositories.RelationshipRepositoryPostgresTests","SetRelationship_ShouldUpdateExistingRelationship"
"","11","CreateUser_ShouldGeneratePasswordAndCallRepository","UnitTests","Sun Nov 30 20:37:13 UTC 2025","passed","Sun Nov 30 20:37:13 UTC 2025","UserServiceTests","UnitTests.Services","UnitTests.Services.UserServiceTests","CreateUser_ShouldGeneratePasswordAndCallRepository"
"","12","DeleteCharacteristic_ShouldThrow_WhenNotFound","IntegrationTests","Sun Nov 30 20:37:50 UTC 2025","passed","Sun Nov 30 20:37:50 UTC 2025","CharacteristicRepositoryPostgresTests","IntegrationTests.Repositories","IntegrationTests.Repositories.CharacteristicRepositoryPostgresTests","DeleteCharacteristic_ShouldThrow_WhenNotFound"
"","1","CreateProperty_ShouldThrow_WhenPersonDoesNotExist","UnitTests","Sun Nov 30 20:37:15 UTC 2025","passed","Sun Nov 30 20:37:15 UTC 2025","PropertyRepositoryInMemoryTests","UnitTests.Repositories","UnitTests.Repositories.PropertyRepositoryInMemoryTests","CreateProperty_ShouldThrow_WhenPersonDoesNotExist"
"","0","WithInvalidEmail_ThrowsValidationException","UnitTests","Sun Nov 30 20:37:15 UTC 2025","passed","Sun Nov 30 20:37:15 UTC 2025","PersonServiceTests+AddPersonContactTests","UnitTests.Services","UnitTests.Services.PersonServiceTests+AddPersonContactTests","WithInvalidEmail_ThrowsValidationException"
"","1","GetPersonsCharacteristics_ShouldReturnEmpty_WhenNoCharacteristics","UnitTests","Sun Nov 30 20:37:15 UTC 2025","passed","Sun Nov 30 20:37:15 UTC 2025","CharacteristicRepositoryInMemoryTests","UnitTests.Repositories","UnitTests.Repositories.CharacteristicRepositoryInMemoryTests","GetPersonsCharacteristics_ShouldReturnEmpty_WhenNoCharacteristics"
"","1","GetPerson_ShouldThrow_WhenNotFound","UnitTests","Sun Nov 30 20:37:15 UTC 2025","passed","Sun Nov 30 20:37:15 UTC 2025","PersonRepositoryInMemoryTests","UnitTests.Repositories","UnitTests.Repositories.PersonRepositoryInMemoryTests","GetPerson_ShouldThrow_WhenNotFound"
"","68","CreateProperty_ShouldCreateSuccessfully","IntegrationTests","Sun Nov 30 20:37:49 UTC 2025","passed","Sun Nov 30 20:37:49 UTC 2025","PropertyRepositoryPostgresTests","IntegrationTests.Repositories","IntegrationTests.Repositories.PropertyRepositoryPostgresTests","CreateProperty_ShouldCreateSuccessfully"
"","2","CreateProperty_ShouldThrow_WhenPropertyAlreadyExists","UnitTests","Sun Nov 30 20:37:15 UTC 2025","passed","Sun Nov 30 20:37:15 UTC 2025","PropertyRepositoryInMemoryTests","UnitTests.Repositories","UnitTests.Repositories.PropertyRepositoryInMemoryTests","CreateProperty_ShouldThrow_WhenPropertyAlreadyExists"
"","1","DeleteUser_ShouldCallRepository","UnitTests","Sun Nov 30 20:37:13 UTC 2025","passed","Sun Nov 30 20:37:13 UTC 2025","UserServiceTests","UnitTests.Services","UnitTests.Services.UserServiceTests","DeleteUser_ShouldCallRepository"
"","26","GetPersonIdByContact_ShouldThrowException_WhenContactNotFound","IntegrationTests","Sun Nov 30 20:37:53 UTC 2025","passed","Sun Nov 30 20:37:53 UTC 2025","ContactRepositoryPostgresTests","IntegrationTests.Repositories","IntegrationTests.Repositories.ContactRepositoryPostgresTests","GetPersonIdByContact_ShouldThrowException_WhenContactNotFound"
"","8","GetPerson_WithValidId_ReturnsPersonFull","UnitTests","Sun Nov 30 20:37:15 UTC 2025","passed","Sun Nov 30 20:37:15 UTC 2025","PersonServiceTests+GetPersonTests","UnitTests.Services","UnitTests.Services.PersonServiceTests+GetPersonTests","GetPerson_WithValidId_ReturnsPersonFull"
"","2","DeleteUser_ShouldDeleteSuccessfully","UnitTests","Sun Nov 30 20:37:15 UTC 2025","passed","Sun Nov 30 20:37:15 UTC 2025","UserRepositoryInMemoryTests","UnitTests.Repositories","UnitTests.Repositories.UserRepositoryInMemoryTests","DeleteUser_ShouldDeleteSuccessfully"
"","8","CreateContact_ShouldCreateSuccessfully","IntegrationTests","Sun Nov 30 20:37:53 UTC 2025","passed","Sun Nov 30 20:37:53 UTC 2025","ContactRepositoryPostgresTests","IntegrationTests.Repositories","IntegrationTests.Repositories.ContactRepositoryPostgresTests","CreateContact_ShouldCreateSuccessfully"
"","6","GetPersonsCharacteristics_ShouldReturnEmpty_WhenNoCharacteristics","IntegrationTests","Sun Nov 30 20:37:50 UTC 2025","passed","Sun Nov 30 20:37:50 UTC 2025","CharacteristicRepositoryPostgresTests","IntegrationTests.Repositories","IntegrationTests.Repositories.CharacteristicRepositoryPostgresTests","GetPersonsCharacteristics_ShouldReturnEmpty_WhenNoCharacteristics"
"","2","CreatePerson_ShouldThrow_WhenIdAlreadyExists","UnitTests","Sun Nov 30 20:37:15 UTC 2025","passed","Sun Nov 30 20:37:15 UTC 2025","PersonRepositoryInMemoryTests","UnitTests.Repositories","UnitTests.Repositories.PersonRepositoryInMemoryTests","CreatePerson_ShouldThrow_WhenIdAlreadyExists"
"","24","GetPersonIdByContact_ShouldReturnPerson","IntegrationTests","Sun Nov 30 20:37:53 UTC 2025","passed","Sun Nov 30 20:37:53 UTC 2025","ContactRepositoryPostgresTests","IntegrationTests.Repositories","IntegrationTests.Repositories.ContactRepositoryPostgresTests","GetPersonIdByContact_ShouldReturnPerson"
"","1","GetPersonRelationships_WhenDepthIsZero_ThrowsArgumentException","UnitTests","Sun Nov 30 20:37:15 UTC 2025","passed","Sun Nov 30 20:37:15 UTC 2025","PersonServiceTests+GetPersonRelationshipsTests","UnitTests.Services","UnitTests.Services.PersonServiceTests+GetPersonRelationshipsTests","GetPersonRelationships_WhenDepthIsZero_ThrowsArgumentException"
"","59","GetPersonRelationships_ShouldReturnRelationships","UnitTests","Sun Nov 30 20:37:14 UTC 2025","passed","Sun Nov 30 20:37:14 UTC 2025","RelationshipRepositoryInMemoryTests","UnitTests.Repositories","UnitTests.Repositories.RelationshipRepositoryInMemoryTests","GetPersonRelationships_ShouldReturnRelationships"
"","2","ChangePassword_ShouldUpdatePassword","UnitTests","Sun Nov 30 20:37:15 UTC 2025","passed","Sun Nov 30 20:37:15 UTC 2025","UserRepositoryInMemoryTests","UnitTests.Repositories","UnitTests.Repositories.UserRepositoryInMemoryTests","ChangePassword_ShouldUpdatePassword"
"","13","SetRelationship_ShouldThrow_WhenPersonNotFound","IntegrationTests","Sun Nov 30 20:37:54 UTC 2025","passed","Sun Nov 30 20:37:54 UTC 2025","RelationshipRepositoryPostgresTests","IntegrationTests.Repositories","IntegrationTests.Repositories.RelationshipRepositoryPostgresTests","SetRelationship_ShouldThrow_WhenPersonNotFound"
"","33","CreateProperty_ShouldCreateSuccessfully","UnitTests","Sun Nov 30 20:37:15 UTC 2025","passed","Sun Nov 30 20:37:15 UTC 2025","PropertyRepositoryInMemoryTests","UnitTests.Repositories","UnitTests.Repositories.PropertyRepositoryInMemoryTests","CreateProperty_ShouldCreateSuccessfully"
"","1","GetPersonRelationships_WhenNoRelationships_WithDepth1_ReturnsEmpty","UnitTests","Sun Nov 30 20:37:15 UTC 2025","passed","Sun Nov 30 20:37:15 UTC 2025","PersonServiceTests+GetPersonRelationshipsTests","UnitTests.Services","UnitTests.Services.PersonServiceTests+GetPersonRelationshipsTests","GetPersonRelationships_WhenNoRelationships_WithDepth1_ReturnsEmpty"
"","1","GetPerson_WithDefaultId_ThrowsArgumentException","UnitTests","Sun Nov 30 20:37:15 UTC 2025","passed","Sun Nov 30 20:37:15 UTC 2025","PersonServiceTests+GetPersonTests","UnitTests.Services","UnitTests.Services.PersonServiceTests+GetPersonTests","GetPerson_WithDefaultId_ThrowsArgumentException"
"","1","DeleteCharacteristic_ShouldThrow_WhenNotFound","UnitTests","Sun Nov 30 20:37:15 UTC 2025","passed","Sun Nov 30 20:37:15 UTC 2025","CharacteristicRepositoryInMemoryTests","UnitTests.Repositories","UnitTests.Repositories.CharacteristicRepositoryInMemoryTests","DeleteCharacteristic_ShouldThrow_WhenNotFound"
"","46","WithValidPassport_CallsRepository","UnitTests","Sun Nov 30 20:37:15 UTC 2025","passed","Sun Nov 30 20:37:15 UTC 2025","PersonServiceTests+AddPersonDocumentTests","UnitTests.Services","UnitTests.Services.PersonServiceTests+AddPersonDocumentTests","WithValidPassport_CallsRepository"
"","3","WithInvalidPassport_ThrowsValidationException","UnitTests","Sun Nov 30 20:37:15 UTC 2025","passed","Sun Nov 30 20:37:15 UTC 2025","PersonServiceTests+AddPersonDocumentTests","UnitTests.Services","UnitTests.Services.PersonServiceTests+AddPersonDocumentTests","WithInvalidPassport_ThrowsValidationException"
"","2","SetPersonsRelationship_WithValidIds_CallsRepository","UnitTests","Sun Nov 30 20:37:15 UTC 2025","passed","Sun Nov 30 20:37:15 UTC 2025","PersonServiceTests+SetPersonsRelationshipTests","UnitTests.Services","UnitTests.Services.PersonServiceTests+SetPersonsRelationshipTests","SetPersonsRelationship_WithValidIds_CallsRepository"
"","8","GetPersonsRelationship_ShouldThrow_WhenNotFound","IntegrationTests","Sun Nov 30 20:37:54 UTC 2025","passed","Sun Nov 30 20:37:54 UTC 2025","RelationshipRepositoryPostgresTests","IntegrationTests.Repositories","IntegrationTests.Repositories.RelationshipRepositoryPostgresTests","GetPersonsRelationship_ShouldThrow_WhenNotFound"
"","1","DeleteDocument_ShouldThrow_WhenDocumentNotFound","UnitTests","Sun Nov 30 20:37:15 UTC 2025","passed","Sun Nov 30 20:37:15 UTC 2025","DocumentRepositoryInMemoryTests","UnitTests.Repositories","UnitTests.Repositories.DocumentRepositoryInMemoryTests","DeleteDocument_ShouldThrow_WhenDocumentNotFound"
"","8","ChangePassword_WrongOldPassword_ThrowsWrongPasswordException","UnitTests","Sun Nov 30 20:37:15 UTC 2025","passed","Sun Nov 30 20:37:15 UTC 2025","AuthServiceTests","UnitTests.Services","UnitTests.Services.AuthServiceTests","ChangePassword_WrongOldPassword_ThrowsWrongPasswordException"
"","5","GetCharacteristicById_ShouldThrow_WhenNotFound","IntegrationTests","Sun Nov 30 20:37:51 UTC 2025","passed","Sun Nov 30 20:37:51 UTC 2025","CharacteristicRepositoryPostgresTests","IntegrationTests.Repositories","IntegrationTests.Repositories.CharacteristicRepositoryPostgresTests","GetCharacteristicById_ShouldThrow_WhenNotFound"
"","4","ChangePassword_InvalidNewPassword_ThrowsBadPasswordException","UnitTests","Sun Nov 30 20:37:15 UTC 2025","passed","Sun Nov 30 20:37:15 UTC 2025","AuthServiceTests","UnitTests.Services","UnitTests.Services.AuthServiceTests","ChangePassword_InvalidNewPassword_ThrowsBadPasswordException"
"","2","GetPersonRelationships_WhenNoFurtherRelationships_StopsEarly","UnitTests","Sun Nov 30 20:37:15 UTC 2025","passed","Sun Nov 30 20:37:15 UTC 2025","PersonServiceTests+GetPersonRelationshipsTests","UnitTests.Services","UnitTests.Services.PersonServiceTests+GetPersonRelationshipsTests","GetPersonRelationships_WhenNoFurtherRelationships_StopsEarly"
"","56","DeleteDocument_ShouldDeleteSuccessfully","IntegrationTests","Sun Nov 30 20:37:55 UTC 2025","passed","Sun Nov 30 20:37:55 UTC 2025","DocumentRepositoryPostgresTests","IntegrationTests.Repositories","IntegrationTests.Repositories.DocumentRepositoryPostgresTests","DeleteDocument_ShouldDeleteSuccessfully"
"","26","CreateUser_ShouldCreateSuccessfully","UnitTests","Sun Nov 30 20:37:15 UTC 2025","passed","Sun Nov 30 20:37:15 UTC 2025","UserRepositoryInMemoryTests","UnitTests.Repositories","UnitTests.Repositories.UserRepositoryInMemoryTests","CreateUser_ShouldCreateSuccessfully"
"","11","DeleteContact_ShouldThrowException_WhenContactDoesNotExist","IntegrationTests","Sun Nov 30 20:37:53 UTC 2025","passed","Sun Nov 30 20:37:53 UTC 2025","ContactRepositoryPostgresTests","IntegrationTests.Repositories","IntegrationTests.Repositories.ContactRepositoryPostgresTests","DeleteContact_ShouldThrowException_WhenContactDoesNotExist"
"","1524","AuthAndChangePassword_FullFlow_WorksCorrectly","IntegrationTests","Sun Nov 30 20:37:51 UTC 2025","passed","Sun Nov 30 20:37:53 UTC 2025","AuthE2ETests","IntegrationTests.Rest","IntegrationTests.Rest.AuthE2ETests","AuthAndChangePassword_FullFlow_WorksCorrectly"
"","18","WithValidPhone_ReturnsPersonId","UnitTests","Sun Nov 30 20:37:15 UTC 2025","passed","Sun Nov 30 20:37:15 UTC 2025","PersonServiceTests+GetPersonIdByContactTests","UnitTests.Services","UnitTests.Services.PersonServiceTests+GetPersonIdByContactTests","WithValidPhone_ReturnsPersonId"
"","189","CreateProperty_ShouldThrow_WhenPersonDoesNotExist","IntegrationTests","Sun Nov 30 20:37:48 UTC 2025","passed","Sun Nov 30 20:37:48 UTC 2025","PropertyRepositoryPostgresTests","IntegrationTests.Repositories","IntegrationTests.Repositories.PropertyRepositoryPostgresTests","CreateProperty_ShouldThrow_WhenPersonDoesNotExist"
"","6","SetRelationship_ShouldUpdateExistingRelationship","UnitTests","Sun Nov 30 20:37:14 UTC 2025","passed","Sun Nov 30 20:37:14 UTC 2025","RelationshipRepositoryInMemoryTests","UnitTests.Repositories","UnitTests.Repositories.RelationshipRepositoryInMemoryTests","SetRelationship_ShouldUpdateExistingRelationship"
"","18","WithInvalidPassportJson_ThrowsValidationException","UnitTests","Sun Nov 30 20:37:15 UTC 2025","passed","Sun Nov 30 20:37:15 UTC 2025","PersonServiceTests+AddPersonDocumentTests","UnitTests.Services","UnitTests.Services.PersonServiceTests+AddPersonDocumentTests","WithInvalidPassportJson_ThrowsValidationException"
"","7","UpdatePerson_ShouldUpdateSuccessfully","UnitTests","Sun Nov 30 20:37:15 UTC 2025","passed","Sun Nov 30 20:37:15 UTC 2025","PersonRepositoryInMemoryTests","UnitTests.Repositories","UnitTests.Repositories.PersonRepositoryInMemoryTests","UpdatePerson_ShouldUpdateSuccessfully"
"","38","CreateUser_ShouldThrowUserAlreadyExistsException_WhenUserExists","UnitTests","Sun Nov 30 20:37:13 UTC 2025","passed","Sun Nov 30 20:37:13 UTC 2025","UserServiceTests","UnitTests.Services","UnitTests.Services.UserServiceTests","CreateUser_ShouldThrowUserAlreadyExistsException_WhenUserExists"
"","15","SetRelationship_ShouldDeleteRelationship","IntegrationTests","Sun Nov 30 20:37:54 UTC 2025","passed","Sun Nov 30 20:37:54 UTC 2025","RelationshipRepositoryPostgresTests","IntegrationTests.Repositories","IntegrationTests.Repositories.RelationshipRepositoryPostgresTests","SetRelationship_ShouldDeleteRelationship"
"","10","SetRelationship_ShouldCreateRelationship","IntegrationTests","Sun Nov 30 20:37:55 UTC 2025","passed","Sun Nov 30 20:37:55 UTC 2025","RelationshipRepositoryPostgresTests","IntegrationTests.Repositories","IntegrationTests.Repositories.RelationshipRepositoryPostgresTests","SetRelationship_ShouldCreateRelationship"
"","0","WithInvalidEmail_ThrowsValidationException","UnitTests","Sun Nov 30 20:37:15 UTC 2025","passed","Sun Nov 30 20:37:15 UTC 2025","PersonServiceTests+AddPersonContactTests","UnitTests.Services","UnitTests.Services.PersonServiceTests+AddPersonContactTests","WithInvalidEmail_ThrowsValidationException"
"","9","CreateCharacteristic_ShouldCreateSuccessfully","UnitTests","Sun Nov 30 20:37:15 UTC 2025","passed","Sun Nov 30 20:37:15 UTC 2025","CharacteristicRepositoryInMemoryTests","UnitTests.Repositories","UnitTests.Repositories.CharacteristicRepositoryInMemoryTests","CreateCharacteristic_ShouldCreateSuccessfully"
"","3","GetPerson_WhenPersonNotFound_ThrowsPersonNotFoundException","UnitTests","Sun Nov 30 20:37:15 UTC 2025","passed","Sun Nov 30 20:37:15 UTC 2025","PersonServiceTests+GetPersonTests","UnitTests.Services","UnitTests.Services.PersonServiceTests+GetPersonTests","GetPerson_WhenPersonNotFound_ThrowsPersonNotFoundException"
"","24","ChangePersonGeneralInfo_WithValidData_CallsRepository","UnitTests","Sun Nov 30 20:37:13 UTC 2025","passed","Sun Nov 30 20:37:13 UTC 2025","PersonServiceTests+ChangePersonGeneralInfoTests","UnitTests.Services","UnitTests.Services.PersonServiceTests+ChangePersonGeneralInfoTests","ChangePersonGeneralInfo_WithValidData_CallsRepository"
"","7","GetPersonProperties_ShouldReturnEmpty_WhenNoProperties","IntegrationTests","Sun Nov 30 20:37:49 UTC 2025","passed","Sun Nov 30 20:37:49 UTC 2025","PropertyRepositoryPostgresTests","IntegrationTests.Repositories","IntegrationTests.Repositories.PropertyRepositoryPostgresTests","GetPersonProperties_ShouldReturnEmpty_WhenNoProperties"
"","11","GetCharacteristicById_ShouldReturnCharacteristic","IntegrationTests","Sun Nov 30 20:37:50 UTC 2025","passed","Sun Nov 30 20:37:50 UTC 2025","CharacteristicRepositoryPostgresTests","IntegrationTests.Repositories","IntegrationTests.Repositories.CharacteristicRepositoryPostgresTests","GetCharacteristicById_ShouldReturnCharacteristic"
"","25","GetPersonRelationships_ShouldReturnEmpty_WhenNoRelationships","IntegrationTests","Sun Nov 30 20:37:54 UTC 2025","passed","Sun Nov 30 20:37:54 UTC 2025","RelationshipRepositoryPostgresTests","IntegrationTests.Repositories","IntegrationTests.Repositories.RelationshipRepositoryPostgresTests","GetPersonRelationships_ShouldReturnEmpty_WhenNoRelationships"
"","38","Login_ValidCredentials_ReturnsJwtToken","UnitTests","Sun Nov 30 20:37:15 UTC 2025","passed","Sun Nov 30 20:37:15 UTC 2025","AuthServiceTests","UnitTests.Services","UnitTests.Services.AuthServiceTests","Login_ValidCredentials_ReturnsJwtToken"
"","6","DeleteUser_ShouldThrow_WhenUserNotFound","IntegrationTests","Sun Nov 30 20:37:50 UTC 2025","passed","Sun Nov 30 20:37:50 UTC 2025","UserRepositoryPostgresTests","IntegrationTests.Repositories","IntegrationTests.Repositories.UserRepositoryPostgresTests","DeleteUser_ShouldThrow_WhenUserNotFound"
"","264","GetPersonProperties_ShouldThrow_WhenPersonNotFound","IntegrationTests","Sun Nov 30 20:37:48 UTC 2025","passed","Sun Nov 30 20:37:49 UTC 2025","PropertyRepositoryPostgresTests","IntegrationTests.Repositories","IntegrationTests.Repositories.PropertyRepositoryPostgresTests","GetPersonProperties_ShouldThrow_WhenPersonNotFound"
"","19","CreateUser_ShouldThrow_WhenUserAlreadyExists","IntegrationTests","Sun Nov 30 20:37:49 UTC 2025","passed","Sun Nov 30 20:37:49 UTC 2025","UserRepositoryPostgresTests","IntegrationTests.Repositories","IntegrationTests.Repositories.UserRepositoryPostgresTests","CreateUser_ShouldThrow_WhenUserAlreadyExists"
"","5","GetPersonRelationships_WithDepth2_ReturnsMultiLevelRelationships2","UnitTests","Sun Nov 30 20:37:15 UTC 2025","passed","Sun Nov 30 20:37:15 UTC 2025","PersonServiceTests+GetPersonRelationshipsTests","UnitTests.Services","UnitTests.Services.PersonServiceTests+GetPersonRelationshipsTests","GetPersonRelationships_WithDepth2_ReturnsMultiLevelRelationships2"
"","6","CreateDocument_ShouldCreateSuccessfully","UnitTests","Sun Nov 30 20:37:15 UTC 2025","passed","Sun Nov 30 20:37:15 UTC 2025","DocumentRepositoryInMemoryTests","UnitTests.Repositories","UnitTests.Repositories.DocumentRepositoryInMemoryTests","CreateDocument_ShouldCreateSuccessfully"
"","2","GetPersonIdByContact_ShouldReturnPerson","UnitTests","Sun Nov 30 20:37:14 UTC 2025","passed","Sun Nov 30 20:37:15 UTC 2025","ContactRepositoryInMemoryTests","UnitTests.Repositories","UnitTests.Repositories.ContactRepositoryInMemoryTests","GetPersonIdByContact_ShouldReturnPerson"
"","9","CreatePerson_ShouldThrow_WhenIdAlreadyExists","IntegrationTests","Sun Nov 30 20:37:56 UTC 2025","passed","Sun Nov 30 20:37:56 UTC 2025","PersonRepositoryPostgresTests","IntegrationTests.Repositories","IntegrationTests.Repositories.PersonRepositoryPostgresTests","CreatePerson_ShouldThrow_WhenIdAlreadyExists"
"","5","ChangePassword_ValidInput_ChangesPassword","UnitTests","Sun Nov 30 20:37:15 UTC 2025","passed","Sun Nov 30 20:37:15 UTC 2025","AuthServiceTests","UnitTests.Services","UnitTests.Services.AuthServiceTests","ChangePassword_ValidInput_ChangesPassword"
"","4","DeleteDocument_ShouldThrow_WhenDocumentNotFound","IntegrationTests","Sun Nov 30 20:37:55 UTC 2025","passed","Sun Nov 30 20:37:55 UTC 2025","DocumentRepositoryPostgresTests","IntegrationTests.Repositories","IntegrationTests.Repositories.DocumentRepositoryPostgresTests","DeleteDocument_ShouldThrow_WhenDocumentNotFound"
"","19","GetPersonDocuments_ShouldReturnEmpty_WhenNoDocuments","UnitTests","Sun Nov 30 20:37:15 UTC 2025","passed","Sun Nov 30 20:37:15 UTC 2025","DocumentRepositoryInMemoryTests","UnitTests.Repositories","UnitTests.Repositories.DocumentRepositoryInMemoryTests","GetPersonDocuments_ShouldReturnEmpty_WhenNoDocuments"
"","2","DeletePerson_WithValidId_CallsRepository","UnitTests","Sun Nov 30 20:37:14 UTC 2025","passed","Sun Nov 30 20:37:14 UTC 2025","PersonServiceTests+DeletePersonTests","UnitTests.Services","UnitTests.Services.PersonServiceTests+DeletePersonTests","DeletePerson_WithValidId_CallsRepository"
"","9","CreateProperty_ShouldThrow_WhenPropertyAlreadyExists","IntegrationTests","Sun Nov 30 20:37:49 UTC 2025","passed","Sun Nov 30 20:37:49 UTC 2025","PropertyRepositoryPostgresTests","IntegrationTests.Repositories","IntegrationTests.Repositories.PropertyRepositoryPostgresTests","CreateProperty_ShouldThrow_WhenPropertyAlreadyExists"
"","12","WithValidData_CallsRepository","UnitTests","Sun Nov 30 20:37:15 UTC 2025","passed","Sun Nov 30 20:37:15 UTC 2025","PersonServiceTests+AddPersonPropertyTests","UnitTests.Services","UnitTests.Services.PersonServiceTests+AddPersonPropertyTests","WithValidData_CallsRepository"
"","6","GetUser_ShouldThrow_WhenUserNotFound","IntegrationTests","Sun Nov 30 20:37:50 UTC 2025","passed","Sun Nov 30 20:37:50 UTC 2025","UserRepositoryPostgresTests","IntegrationTests.Repositories","IntegrationTests.Repositories.UserRepositoryPostgresTests","GetUser_ShouldThrow_WhenUserNotFound"
"","1","GetPersonContacts_ShouldThrowException_WhenPersonDoesNotExist","UnitTests","Sun Nov 30 20:37:15 UTC 2025","passed","Sun Nov 30 20:37:15 UTC 2025","ContactRepositoryInMemoryTests","UnitTests.Repositories","UnitTests.Repositories.ContactRepositoryInMemoryTests","GetPersonContacts_ShouldThrowException_WhenPersonDoesNotExist"
"","12","SetRelationship_ShouldDeleteRelationship","UnitTests","Sun Nov 30 20:37:14 UTC 2025","passed","Sun Nov 30 20:37:14 UTC 2025","RelationshipRepositoryInMemoryTests","UnitTests.Repositories","UnitTests.Repositories.RelationshipRepositoryInMemoryTests","SetRelationship_ShouldDeleteRelationship"
"","18","DeleteProperty_ShouldThrow_WhenPropertyNotFound","IntegrationTests","Sun Nov 30 20:37:49 UTC 2025","passed","Sun Nov 30 20:37:49 UTC 2025","PropertyRepositoryPostgresTests","IntegrationTests.Repositories","IntegrationTests.Repositories.PropertyRepositoryPostgresTests","DeleteProperty_ShouldThrow_WhenPropertyNotFound"
"","4","GetPersonContacts_ShouldReturnFilteredContacts","UnitTests","Sun Nov 30 20:37:15 UTC 2025","passed","Sun Nov 30 20:37:15 UTC 2025","ContactRepositoryInMemoryTests","UnitTests.Repositories","UnitTests.Repositories.ContactRepositoryInMemoryTests","GetPersonContacts_ShouldReturnFilteredContacts"
"","18","CreateCharacteristic_ShouldThrow_WhenAuthorDoesNotExist","UnitTests","Sun Nov 30 20:37:15 UTC 2025","passed","Sun Nov 30 20:37:15 UTC 2025","CharacteristicRepositoryInMemoryTests","UnitTests.Repositories","UnitTests.Repositories.CharacteristicRepositoryInMemoryTests","CreateCharacteristic_ShouldThrow_WhenAuthorDoesNotExist"
"","2","WithValidId_CallsRepository","UnitTests","Sun Nov 30 20:37:15 UTC 2025","passed","Sun Nov 30 20:37:15 UTC 2025","PersonServiceTests+DeletePersonPropertyTests","UnitTests.Services","UnitTests.Services.PersonServiceTests+DeletePersonPropertyTests","WithValidId_CallsRepository"
"","0","WithInvalidEmail_ThrowsValidationException","UnitTests","Sun Nov 30 20:37:15 UTC 2025","passed","Sun Nov 30 20:37:15 UTC 2025","PersonServiceTests+AddPersonContactTests","UnitTests.Services","UnitTests.Services.PersonServiceTests+AddPersonContactTests","WithInvalidEmail_ThrowsValidationException"
"","10","WithInvalidPhone_ThrowsValidationException","UnitTests","Sun Nov 30 20:37:15 UTC 2025","passed","Sun Nov 30 20:37:15 UTC 2025","PersonServiceTests+GetPersonIdByContactTests","UnitTests.Services","UnitTests.Services.PersonServiceTests+GetPersonIdByContactTests","WithInvalidPhone_ThrowsValidationException"
"","7","GetPersonDocuments_ShouldReturnEmpty_WhenNoDocuments","IntegrationTests","Sun Nov 30 20:37:55 UTC 2025","passed","Sun Nov 30 20:37:55 UTC 2025","DocumentRepositoryPostgresTests","IntegrationTests.Repositories","IntegrationTests.Repositories.DocumentRepositoryPostgresTests","GetPersonDocuments_ShouldReturnEmpty_WhenNoDocuments"
"","2","GetPersonRelationships_ShouldReturnEmpty_WhenNoRelationships","UnitTests","Sun Nov 30 20:37:14 UTC 2025","passed","Sun Nov 30 20:37:14 UTC 2025","RelationshipRepositoryInMemoryTests","UnitTests.Repositories","UnitTests.Repositories.RelationshipRepositoryInMemoryTests","GetPersonRelationships_ShouldReturnEmpty_WhenNoRelationships"
"","3","CreatePerson_WhenPersonExists_ThrowsPersonAlreadyExistsException","UnitTests","Sun Nov 30 20:37:15 UTC 2025","passed","Sun Nov 30 20:37:15 UTC 2025","PersonServiceTests+CreatePersonTests","UnitTests.Services","UnitTests.Services.PersonServiceTests+CreatePersonTests","CreatePerson_WhenPersonExists_ThrowsPersonAlreadyExistsException"
"","8","CreateCharacteristic_ShouldThrow_WhenAuthorDoesNotExist","IntegrationTests","Sun Nov 30 20:37:50 UTC 2025","passed","Sun Nov 30 20:37:50 UTC 2025","CharacteristicRepositoryPostgresTests","IntegrationTests.Repositories","IntegrationTests.Repositories.CharacteristicRepositoryPostgresTests","CreateCharacteristic_ShouldThrow_WhenAuthorDoesNotExist"
"","3","Login_UserNotFound_ThrowsUserNotFoundException","UnitTests","Sun Nov 30 20:37:15 UTC 2025","passed","Sun Nov 30 20:37:15 UTC 2025","AuthServiceTests","UnitTests.Services","UnitTests.Services.AuthServiceTests","Login_UserNotFound_ThrowsUserNotFoundException"
"","23","DeletePerson_ShouldDeleteSuccessfully","IntegrationTests","Sun Nov 30 20:37:56 UTC 2025","passed","Sun Nov 30 20:37:56 UTC 2025","PersonRepositoryPostgresTests","IntegrationTests.Repositories","IntegrationTests.Repositories.PersonRepositoryPostgresTests","DeletePerson_ShouldDeleteSuccessfully"
"","12","DeleteCharacteristic_ShouldDeleteSuccessfully","UnitTests","Sun Nov 30 20:37:15 UTC 2025","passed","Sun Nov 30 20:37:15 UTC 2025","CharacteristicRepositoryInMemoryTests","UnitTests.Repositories","UnitTests.Repositories.CharacteristicRepositoryInMemoryTests","DeleteCharacteristic_ShouldDeleteSuccessfully"
"","4","GetPersonRelationships_WhenPersonDontExists_ThrowsException","UnitTests","Sun Nov 30 20:37:15 UTC 2025","passed","Sun Nov 30 20:37:15 UTC 2025","PersonServiceTests+GetPersonRelationshipsTests","UnitTests.Services","UnitTests.Services.PersonServiceTests+GetPersonRelationshipsTests","GetPersonRelationships_WhenPersonDontExists_ThrowsException"
"","2","ChangePassword_ShouldThrow_WhenUserNotFound","UnitTests","Sun Nov 30 20:37:15 UTC 2025","passed","Sun Nov 30 20:37:15 UTC 2025","UserRepositoryInMemoryTests","UnitTests.Repositories","UnitTests.Repositories.UserRepositoryInMemoryTests","ChangePassword_ShouldThrow_WhenUserNotFound"
"","1","CreateDocument_ShouldThrow_WhenPersonDoesNotExist","UnitTests","Sun Nov 30 20:37:15 UTC 2025","passed","Sun Nov 30 20:37:15 UTC 2025","DocumentRepositoryInMemoryTests","UnitTests.Repositories","UnitTests.Repositories.DocumentRepositoryInMemoryTests","CreateDocument_ShouldThrow_WhenPersonDoesNotExist"
"","18","CreateUser_ShouldCreateSuccessfully","IntegrationTests","Sun Nov 30 20:37:49 UTC 2025","passed","Sun Nov 30 20:37:49 UTC 2025","UserRepositoryPostgresTests","IntegrationTests.Repositories","IntegrationTests.Repositories.UserRepositoryPostgresTests","CreateUser_ShouldCreateSuccessfully"
"","9","CreateCharacteristic_ShouldCreateSuccessfully","IntegrationTests","Sun Nov 30 20:37:51 UTC 2025","passed","Sun Nov 30 20:37:51 UTC 2025","CharacteristicRepositoryPostgresTests","IntegrationTests.Repositories","IntegrationTests.Repositories.CharacteristicRepositoryPostgresTests","CreateCharacteristic_ShouldCreateSuccessfully"
"","17","DeleteProperty_ShouldDeleteSuccessfully","IntegrationTests","Sun Nov 30 20:37:49 UTC 2025","passed","Sun Nov 30 20:37:49 UTC 2025","PropertyRepositoryPostgresTests","IntegrationTests.Repositories","IntegrationTests.Repositories.PropertyRepositoryPostgresTests","DeleteProperty_ShouldDeleteSuccessfully"
"","21","GetPersonContacts_ShouldThrowException_WhenPersonDoesNotExist","IntegrationTests","Sun Nov 30 20:37:53 UTC 2025","passed","Sun Nov 30 20:37:53 UTC 2025","ContactRepositoryPostgresTests","IntegrationTests.Repositories","IntegrationTests.Repositories.ContactRepositoryPostgresTests","GetPersonContacts_ShouldThrowException_WhenPersonDoesNotExist"
"","21","CreateContact_ShouldThrowException_WhenPersonDoesNotExist","UnitTests","Sun Nov 30 20:37:14 UTC 2025","passed","Sun Nov 30 20:37:14 UTC 2025","ContactRepositoryInMemoryTests","UnitTests.Repositories","UnitTests.Repositories.ContactRepositoryInMemoryTests","CreateContact_ShouldThrowException_WhenPersonDoesNotExist"
"","9","CreateDocument_ShouldThrow_WhenDocumentAlreadyExists","IntegrationTests","Sun Nov 30 20:37:55 UTC 2025","passed","Sun Nov 30 20:37:55 UTC 2025","DocumentRepositoryPostgresTests","IntegrationTests.Repositories","IntegrationTests.Repositories.DocumentRepositoryPostgresTests","CreateDocument_ShouldThrow_WhenDocumentAlreadyExists"
"","2","SetRelationship_ShouldThrow_WhenDeletingNonExistingRelationship","UnitTests","Sun Nov 30 20:37:14 UTC 2025","passed","Sun Nov 30 20:37:14 UTC 2025","RelationshipRepositoryInMemoryTests","UnitTests.Repositories","UnitTests.Repositories.RelationshipRepositoryInMemoryTests","SetRelationship_ShouldThrow_WhenDeletingNonExistingRelationship"
"","2","WithValidId_CallsRepository","UnitTests","Sun Nov 30 20:37:15 UTC 2025","passed","Sun Nov 30 20:37:15 UTC 2025","PersonServiceTests+DeletePersonDocumentTests","UnitTests.Services","UnitTests.Services.PersonServiceTests+DeletePersonDocumentTests","WithValidId_CallsRepository"
"","2","GetCharacteristicById_ShouldReturnCharacteristic","UnitTests","Sun Nov 30 20:37:15 UTC 2025","passed","Sun Nov 30 20:37:15 UTC 2025","CharacteristicRepositoryInMemoryTests","UnitTests.Repositories","UnitTests.Repositories.CharacteristicRepositoryInMemoryTests","GetCharacteristicById_ShouldReturnCharacteristic"
"","1","WithUnknownContactType_ThrowsValidationException","UnitTests","Sun Nov 30 20:37:15 UTC 2025","passed","Sun Nov 30 20:37:15 UTC 2025","PersonServiceTests+AddPersonContactTests","UnitTests.Services","UnitTests.Services.PersonServiceTests+AddPersonContactTests","WithUnknownContactType_ThrowsValidationException"
"","8","DeleteDocument_ShouldDeleteSuccessfully","UnitTests","Sun Nov 30 20:37:15 UTC 2025","passed","Sun Nov 30 20:37:15 UTC 2025","DocumentRepositoryInMemoryTests","UnitTests.Repositories","UnitTests.Repositories.DocumentRepositoryInMemoryTests","DeleteDocument_ShouldDeleteSuccessfully"
"","9","GetPersons_ReturnsFilteredPersons","UnitTests","Sun Nov 30 20:37:15 UTC 2025","passed","Sun Nov 30 20:37:15 UTC 2025","PersonServiceTests+GetPersonsTests","UnitTests.Services","UnitTests.Services.PersonServiceTests+GetPersonsTests","GetPersons_ReturnsFilteredPersons"
"","3","Login_WrongPassword_ThrowsWrongPasswordException","UnitTests","Sun Nov 30 20:37:15 UTC 2025","passed","Sun Nov 30 20:37:15 UTC 2025","AuthServiceTests","UnitTests.Services","UnitTests.Services.AuthServiceTests","Login_WrongPassword_ThrowsWrongPasswordException"
"","2","CreateUser_ShouldThrow_WhenUserAlreadyExists","UnitTests","Sun Nov 30 20:37:15 UTC 2025","passed","Sun Nov 30 20:37:15 UTC 2025","UserRepositoryInMemoryTests","UnitTests.Repositories","UnitTests.Repositories.UserRepositoryInMemoryTests","CreateUser_ShouldThrow_WhenUserAlreadyExists"
"","1","GetPersonProperties_ShouldThrow_WhenPersonNotFound","UnitTests","Sun Nov 30 20:37:15 UTC 2025","passed","Sun Nov 30 20:37:15 UTC 2025","PropertyRepositoryInMemoryTests","UnitTests.Repositories","UnitTests.Repositories.PropertyRepositoryInMemoryTests","GetPersonProperties_ShouldThrow_WhenPersonNotFound"
"","2","CreatePerson_WithValidData_ReturnsGuid","UnitTests","Sun Nov 30 20:37:15 UTC 2025","passed","Sun Nov 30 20:37:15 UTC 2025","PersonServiceTests+CreatePersonTests","UnitTests.Services","UnitTests.Services.PersonServiceTests+CreatePersonTests","CreatePerson_WithValidData_ReturnsGuid"
"","7","CreateContact_ShouldThrowException_WhenContactIdAlreadyExists","IntegrationTests","Sun Nov 30 20:37:53 UTC 2025","passed","Sun Nov 30 20:37:53 UTC 2025","ContactRepositoryPostgresTests","IntegrationTests.Repositories","IntegrationTests.Repositories.ContactRepositoryPostgresTests","CreateContact_ShouldThrowException_WhenContactIdAlreadyExists"
"","2","CreatePerson_ShouldCreateSuccessfully","UnitTests","Sun Nov 30 20:37:15 UTC 2025","passed","Sun Nov 30 20:37:15 UTC 2025","PersonRepositoryInMemoryTests","UnitTests.Repositories","UnitTests.Repositories.PersonRepositoryInMemoryTests","CreatePerson_ShouldCreateSuccessfully"
"","2","GetPersonProperties_ShouldReturnEmpty_WhenNoProperties","UnitTests","Sun Nov 30 20:37:15 UTC 2025","passed","Sun Nov 30 20:37:15 UTC 2025","PropertyRepositoryInMemoryTests","UnitTests.Repositories","UnitTests.Repositories.PropertyRepositoryInMemoryTests","GetPersonProperties_ShouldReturnEmpty_WhenNoProperties"
"","2","WithValidPhone_CallsRepository","UnitTests","Sun Nov 30 20:37:15 UTC 2025","passed","Sun Nov 30 20:37:15 UTC 2025","PersonServiceTests+AddPersonContactTests","UnitTests.Services","UnitTests.Services.PersonServiceTests+AddPersonContactTests","WithValidPhone_CallsRepository"
"","13","DeleteContact_ShouldDeleteSuccessfully","IntegrationTests","Sun Nov 30 20:37:54 UTC 2025","passed","Sun Nov 30 20:37:54 UTC 2025","ContactRepositoryPostgresTests","IntegrationTests.Repositories","IntegrationTests.Repositories.ContactRepositoryPostgresTests","DeleteContact_ShouldDeleteSuccessfully"
"","12","CreateDocument_ShouldCreateSuccessfully","IntegrationTests","Sun Nov 30 20:37:55 UTC 2025","passed","Sun Nov 30 20:37:55 UTC 2025","DocumentRepositoryPostgresTests","IntegrationTests.Repositories","IntegrationTests.Repositories.DocumentRepositoryPostgresTests","CreateDocument_ShouldCreateSuccessfully"
"","2","DeleteUser_ShouldThrowUserNotFoundException_WhenUserNotExists","UnitTests","Sun Nov 30 20:37:13 UTC 2025","passed","Sun Nov 30 20:37:13 UTC 2025","UserServiceTests","UnitTests.Services","UnitTests.Services.UserServiceTests","DeleteUser_ShouldThrowUserNotFoundException_WhenUserNotExists"
"","1","WithInvalidPhone_ThrowsValidationException","UnitTests","Sun Nov 30 20:37:15 UTC 2025","passed","Sun Nov 30 20:37:15 UTC 2025","PersonServiceTests+AddPersonContactTests","UnitTests.Services","UnitTests.Services.PersonServiceTests+AddPersonContactTests","WithInvalidPhone_ThrowsValidationException"
"","0","WithInvalidEmail_ThrowsValidationException","UnitTests","Sun Nov 30 20:37:15 UTC 2025","passed","Sun Nov 30 20:37:15 UTC 2025","PersonServiceTests+AddPersonContactTests","UnitTests.Services","UnitTests.Services.PersonServiceTests+AddPersonContactTests","WithInvalidEmail_ThrowsValidationException"
"","12","GetPerson_ShouldReturnPerson_WhenExists","UnitTests","Sun Nov 30 20:37:15 UTC 2025","passed","Sun Nov 30 20:37:15 UTC 2025","PersonRepositoryInMemoryTests","UnitTests.Repositories","UnitTests.Repositories.PersonRepositoryInMemoryTests","GetPerson_ShouldReturnPerson_WhenExists"
"","3","GetPersonRelationships_WithDepth2_ReturnsMultiLevelRelationships1","UnitTests","Sun Nov 30 20:37:15 UTC 2025","passed","Sun Nov 30 20:37:15 UTC 2025","PersonServiceTests+GetPersonRelationshipsTests","UnitTests.Services","UnitTests.Services.PersonServiceTests+GetPersonRelationshipsTests","GetPersonRelationships_WithDepth2_ReturnsMultiLevelRelationships1"
"","4","CreateContact_ShouldThrowException_WhenContactIdAlreadyExists","UnitTests","Sun Nov 30 20:37:14 UTC 2025","passed","Sun Nov 30 20:37:14 UTC 2025","ContactRepositoryInMemoryTests","UnitTests.Repositories","UnitTests.Repositories.ContactRepositoryInMemoryTests","CreateContact_ShouldThrowException_WhenContactIdAlreadyExists"
"","1","DeletePerson_WithDefaultId_ThrowsArgumentException","UnitTests","Sun Nov 30 20:37:14 UTC 2025","passed","Sun Nov 30 20:37:14 UTC 2025","PersonServiceTests+DeletePersonTests","UnitTests.Services","UnitTests.Services.PersonServiceTests+DeletePersonTests","DeletePerson_WithDefaultId_ThrowsArgumentException"
"","18","CreateDocument_ShouldThrow_WhenDocumentAlreadyExists","UnitTests","Sun Nov 30 20:37:15 UTC 2025","passed","Sun Nov 30 20:37:15 UTC 2025","DocumentRepositoryInMemoryTests","UnitTests.Repositories","UnitTests.Repositories.DocumentRepositoryInMemoryTests","CreateDocument_ShouldThrow_WhenDocumentAlreadyExists"
"","3","ChangePassword_UserNotFound_ThrowsUserNotFoundException","UnitTests","Sun Nov 30 20:37:15 UTC 2025","passed","Sun Nov 30 20:37:15 UTC 2025","AuthServiceTests","UnitTests.Services","UnitTests.Services.AuthServiceTests","ChangePassword_UserNotFound_ThrowsUserNotFoundException"
"","5","GetPersonRelationships_WithCircularRelationship_ReturnsRelationshipsWithoutDuplicates","UnitTests","Sun Nov 30 20:37:15 UTC 2025","passed","Sun Nov 30 20:37:15 UTC 2025","PersonServiceTests+GetPersonRelationshipsTests","UnitTests.Services","UnitTests.Services.PersonServiceTests+GetPersonRelationshipsTests","GetPersonRelationships_WithCircularRelationship_ReturnsRelationshipsWithoutDuplicates"
"","14","UpdatePerson_ShouldUpdateSuccessfully","IntegrationTests","Sun Nov 30 20:37:56 UTC 2025","passed","Sun Nov 30 20:37:56 UTC 2025","PersonRepositoryPostgresTests","IntegrationTests.Repositories","IntegrationTests.Repositories.PersonRepositoryPostgresTests","UpdatePerson_ShouldUpdateSuccessfully"
"","2","WithValidEmail_CallsRepository","UnitTests","Sun Nov 30 20:37:15 UTC 2025","passed","Sun Nov 30 20:37:15 UTC 2025","PersonServiceTests+AddPersonContactTests","UnitTests.Services","UnitTests.Services.PersonServiceTests+AddPersonContactTests","WithValidEmail_CallsRepository"
"","8","CreatePerson_ShouldCreateSuccessfully","IntegrationTests","Sun Nov 30 20:37:56 UTC 2025","passed","Sun Nov 30 20:37:56 UTC 2025","PersonRepositoryPostgresTests","IntegrationTests.Repositories","IntegrationTests.Repositories.PersonRepositoryPostgresTests","CreatePerson_ShouldCreateSuccessfully"
"","14","GetPersonRelationships_ShouldReturnRelationships","IntegrationTests","Sun Nov 30 20:37:54 UTC 2025","passed","Sun Nov 30 20:37:54 UTC 2025","RelationshipRepositoryPostgresTests","IntegrationTests.Repositories","IntegrationTests.Repositories.RelationshipRepositoryPostgresTests","GetPersonRelationships_ShouldReturnRelationships"
"","1","GetPersonDocuments_ShouldThrow_WhenPersonNotFound","UnitTests","Sun Nov 30 20:37:15 UTC 2025","passed","Sun Nov 30 20:37:15 UTC 2025","DocumentRepositoryInMemoryTests","UnitTests.Repositories","UnitTests.Repositories.DocumentRepositoryInMemoryTests","GetPersonDocuments_ShouldThrow_WhenPersonNotFound"
"","1","GetCharacteristicById_ShouldThrow_WhenNotFound","UnitTests","Sun Nov 30 20:37:15 UTC 2025","passed","Sun Nov 30 20:37:15 UTC 2025","CharacteristicRepositoryInMemoryTests","UnitTests.Repositories","UnitTests.Repositories.CharacteristicRepositoryInMemoryTests","GetCharacteristicById_ShouldThrow_WhenNotFound"
"","64","SetRelationship_ShouldCreateRelationship","UnitTests","Sun Nov 30 20:37:14 UTC 2025","passed","Sun Nov 30 20:37:14 UTC 2025","RelationshipRepositoryInMemoryTests","UnitTests.Repositories","UnitTests.Repositories.RelationshipRepositoryInMemoryTests","SetRelationship_ShouldCreateRelationship"
"","8","DeleteProperty_ShouldDeleteSuccessfully","UnitTests","Sun Nov 30 20:37:15 UTC 2025","passed","Sun Nov 30 20:37:15 UTC 2025","PropertyRepositoryInMemoryTests","UnitTests.Repositories","UnitTests.Repositories.PropertyRepositoryInMemoryTests","DeleteProperty_ShouldDeleteSuccessfully"
"","7","DeleteUser_ShouldThrow_WhenUserNotFound","UnitTests","Sun Nov 30 20:37:15 UTC 2025","passed","Sun Nov 30 20:37:15 UTC 2025","UserRepositoryInMemoryTests","UnitTests.Repositories","UnitTests.Repositories.UserRepositoryInMemoryTests","DeleteUser_ShouldThrow_WhenUserNotFound"
"","5","GetPersonRelationships_WithDepth1_ReturnsDirectRelationships","UnitTests","Sun Nov 30 20:37:15 UTC 2025","passed","Sun Nov 30 20:37:15 UTC 2025","PersonServiceTests+GetPersonRelationshipsTests","UnitTests.Services","UnitTests.Services.PersonServiceTests+GetPersonRelationshipsTests","GetPersonRelationships_WithDepth1_ReturnsDirectRelationships"
"","12","ChangePassword_ShouldThrow_WhenUserNotFound","IntegrationTests","Sun Nov 30 20:37:49 UTC 2025","passed","Sun Nov 30 20:37:49 UTC 2025","UserRepositoryPostgresTests","IntegrationTests.Repositories","IntegrationTests.Repositories.UserRepositoryPostgresTests","ChangePassword_ShouldThrow_WhenUserNotFound"
"","2","GetUser_ShouldThrow_WhenUserNotFound","UnitTests","Sun Nov 30 20:37:15 UTC 2025","passed","Sun Nov 30 20:37:15 UTC 2025","UserRepositoryInMemoryTests","UnitTests.Repositories","UnitTests.Repositories.UserRepositoryInMemoryTests","GetUser_ShouldThrow_WhenUserNotFound"
"","7","ChangePassword_ShouldUpdatePassword","IntegrationTests","Sun Nov 30 20:37:50 UTC 2025","passed","Sun Nov 30 20:37:50 UTC 2025","UserRepositoryPostgresTests","IntegrationTests.Repositories","IntegrationTests.Repositories.UserRepositoryPostgresTests","ChangePassword_ShouldUpdatePassword"
"","363","SetRelationship_ShouldThrow_WhenPersonNotFound","UnitTests","Sun Nov 30 20:37:14 UTC 2025","passed","Sun Nov 30 20:37:14 UTC 2025","RelationshipRepositoryInMemoryTests","UnitTests.Repositories","UnitTests.Repositories.RelationshipRepositoryInMemoryTests","SetRelationship_ShouldThrow_WhenPersonNotFound"
"","7","SetRelationship_ShouldThrow_WhenDeletingNonExistingRelationship","IntegrationTests","Sun Nov 30 20:37:55 UTC 2025","passed","Sun Nov 30 20:37:55 UTC 2025","RelationshipRepositoryPostgresTests","IntegrationTests.Repositories","IntegrationTests.Repositories.RelationshipRepositoryPostgresTests","SetRelationship_ShouldThrow_WhenDeletingNonExistingRelationship"
"","5","GetPersonDocuments_ShouldThrow_WhenPersonNotFound","IntegrationTests","Sun Nov 30 20:37:55 UTC 2025","passed","Sun Nov 30 20:37:55 UTC 2025","DocumentRepositoryPostgresTests","IntegrationTests.Repositories","IntegrationTests.Repositories.DocumentRepositoryPostgresTests","GetPersonDocuments_ShouldThrow_WhenPersonNotFound"
"","4","DeletePerson_ShouldDeleteSuccessfully","UnitTests","Sun Nov 30 20:37:15 UTC 2025","passed","Sun Nov 30 20:37:15 UTC 2025","PersonRepositoryInMemoryTests","UnitTests.Repositories","UnitTests.Repositories.PersonRepositoryInMemoryTests","DeletePerson_ShouldDeleteSuccessfully"
"","6","CreateDocument_ShouldThrow_WhenPersonDoesNotExist","IntegrationTests","Sun Nov 30 20:37:55 UTC 2025","passed","Sun Nov 30 20:37:55 UTC 2025","DocumentRepositoryPostgresTests","IntegrationTests.Repositories","IntegrationTests.Repositories.DocumentRepositoryPostgresTests","CreateDocument_ShouldThrow_WhenPersonDoesNotExist"
"","2","WithValidId_CallsRepository","UnitTests","Sun Nov 30 20:37:15 UTC 2025","passed","Sun Nov 30 20:37:15 UTC 2025","PersonServiceTests+DeletePersonContactTests","UnitTests.Services","UnitTests.Services.PersonServiceTests+DeletePersonContactTests","WithValidId_CallsRepository"
"","6","DeleteUser_ShouldDeleteSuccessfully","IntegrationTests","Sun Nov 30 20:37:50 UTC 2025","passed","Sun Nov 30 20:37:50 UTC 2025","UserRepositoryPostgresTests","IntegrationTests.Repositories","IntegrationTests.Repositories.UserRepositoryPostgresTests","DeleteUser_ShouldDeleteSuccessfully"
"","27","WithInvalidEmail_ThrowsValidationException","UnitTests","Sun Nov 30 20:37:15 UTC 2025","passed","Sun Nov 30 20:37:15 UTC 2025","PersonServiceTests+AddPersonContactTests","UnitTests.Services","UnitTests.Services.PersonServiceTests+AddPersonContactTests","WithInvalidEmail_ThrowsValidationException"
"","13","GetPersonContacts_ShouldReturnFilteredContacts","IntegrationTests","Sun Nov 30 20:37:53 UTC 2025","passed","Sun Nov 30 20:37:53 UTC 2025","ContactRepositoryPostgresTests","IntegrationTests.Repositories","IntegrationTests.Repositories.ContactRepositoryPostgresTests","GetPersonContacts_ShouldReturnFilteredContacts"
"","3","GetPersonsRelationship_ShouldThrow_WhenNotFound","UnitTests","Sun Nov 30 20:37:14 UTC 2025","passed","Sun Nov 30 20:37:14 UTC 2025","RelationshipRepositoryInMemoryTests","UnitTests.Repositories","UnitTests.Repositories.RelationshipRepositoryInMemoryTests","GetPersonsRelationship_ShouldThrow_WhenNotFound"
"","5","GetPerson_ShouldThrow_WhenNotFound","IntegrationTests","Sun Nov 30 20:37:56 UTC 2025","passed","Sun Nov 30 20:37:56 UTC 2025","PersonRepositoryPostgresTests","IntegrationTests.Repositories","IntegrationTests.Repositories.PersonRepositoryPostgresTests","GetPerson_ShouldThrow_WhenNotFound"
"","3542","AuthAndChangePassword_FullFlow_WorksCorrectly","E2ETests","Sun Nov 30 20:38:50 UTC 2025","passed","Sun Nov 30 20:38:53 UTC 2025","AuthE2ETests","E2ETests.Rest","E2ETests.Rest.AuthE2ETests","AuthAndChangePassword_FullFlow_WorksCorrectly"
"","1","DeleteProperty_ShouldThrow_WhenPropertyNotFound","UnitTests","Sun Nov 30 20:37:15 UTC 2025","passed","Sun Nov 30 20:37:15 UTC 2025","PropertyRepositoryInMemoryTests","UnitTests.Repositories","UnitTests.Repositories.PropertyRepositoryInMemoryTests","DeleteProperty_ShouldThrow_WhenPropertyNotFound"
"","6","CreateContact_ShouldThrowException_WhenPersonDoesNotExist","IntegrationTests","Sun Nov 30 20:37:54 UTC 2025","passed","Sun Nov 30 20:37:54 UTC 2025","ContactRepositoryPostgresTests","IntegrationTests.Repositories","IntegrationTests.Repositories.ContactRepositoryPostgresTests","CreateContact_ShouldThrowException_WhenPersonDoesNotExist"
